{"cameraMode":{"drawMode":0,"name":"Shaded","section":"Shading Mode"},"sceneLighting":false,"audioPlay":false,"sceneViewState":{"m_AlwaysRefresh":false,"showFog":true,"showSkybox":false,"showFlares":true,"showImageEffects":true,"showParticleSystems":true,"showVisualEffectGraphs":true,"m_FxEnabled":false},"in2DMode":false,"pivot":{"x":0.4931407570838928,"y":3.010122299194336,"z":-1.7277859449386597},"rotation":{"x":-0.19407936930656434,"y":0.3503302037715912,"z":0.9132451415061951,"w":0.07443976402282715},"size":4.7461700439453129,"orthographic":true}