{"cameraMode":{"drawMode":0,"name":"Shaded","section":"Shading Mode"},"sceneLighting":false,"audioPlay":false,"sceneViewState":{"m_AlwaysRefresh":false,"showFog":true,"showSkybox":false,"showFlares":true,"showImageEffects":true,"showParticleSystems":true,"showVisualEffectGraphs":true,"m_FxEnabled":false},"in2DMode":false,"pivot":{"x":-2.3380227088928224,"y":1.3616914749145508,"z":2.006709098815918},"rotation":{"x":-0.10687387734651566,"y":0.01402196753770113,"z":-0.0014900245005264879,"w":-0.9941422343254089},"size":6.36504602432251,"orthographic":true}